Workbook

Sheet 入力

Sheet 結果用紙
A1: 問題番号 | B1: 問題 | C1: 解答 | D1: 正解 | E1: 正誤 | F1: 解答時間(秒)
A2: =1 -> 1 | B2: =_xlfn.XLOOKUP($A2,入力!$A$1:$A$1004, 入力!B$1:B$1004, "", 0, 1) | C2: =_xlfn.XLOOKUP($A2,入力!$A$1:$A$1004, 入力!C$1:C$1004, "", 0, 1) | D2: =_xlfn.XLOOKUP($A2,入力!$A$1:$A$1004, 入力!D$1:D$1004, "", 0, 1) | E2: =_xlfn.XLOOKUP($A2,入力!$A$1:$A$1004, 入力!E$1:E$1004, "", 0, 1) | F2: =IF(A2="", "", IFERROR(ROUND(_xlfn.XLOOKUP($A2,入力!$A$1:$A$1004, 入力!F$1:F$1004, "", 0, 1), 2), "")) | G2: =MAX(入力!A:A) -> 0
A3: =IF(G3<>"", G3+1000, IF(A2="", "", IF(A2+1>MAX(入力!A:A), "", A2+1))) | B3: =IF($G3=1, OFFSET(入力!B$1, $G$2+1, 0, 1, 1), IF($G3=2, OFFSET(入力!B$1, $G$2+2, 0, 1, 1), _xlfn.XLOOKUP($A3,入力!$A$1:$A$1004, 入力!B$1:B$1004, "", 0, 1))) | C3: =IF($G3=1, ROUND(OFFSET(入力!C$1, $G$2+1, 0, 1, 1), 2), IF($G3=2, OFFSET(入力!C$1, $G$2+2, 0, 1, 1), _xlfn.XLOOKUP($A3,入力!$A$1:$A$1004, 入力!C$1:C$1004, "", 0, 1))) | D3: =IF($G3=1, OFFSET(入力!D$1, $G$2+1, 0, 1, 1), _xlfn.XLOOKUP($A3,入力!$A$1:$A$1004, 入力!D$1:D$1004, "", 0, 1)) | E3: =IF($G3=1, OFFSET(入力!E$1, $G$2+1, 0, 1, 1), IF($G3=2, OFFSET(入力!E$1, $G$2+2, 0, 1, 1), _xlfn.XLOOKUP($A3,入力!$A$1:$A$1004, 入力!E$1:E$1004, "", 0, 1))) | F3: =IF($G3=1, INT(OFFSET(入力!F$1, $G$2+1, 0, 1, 1)), IF($G3=2, INT(OFFSET(入力!F$1, $G$2+2, 0, 1, 1)), _xlfn.XLOOKUP($A3,入力!$A$1:$A$1004, 入力!F$1:F$1004, "", 0, 1))) | G3: =IF(入力!A1="", "", IF(ROW(A3)=$G$2+2, 1, IF(ROW(A3)=$G$2+3, 2, "")))
A4: =IF(G4<>"", G4+1000, IF(A3="", "", IF(A3+1>MAX(入力!A:A), "", A3+1))) | B4: =IF($G4=1, OFFSET(入力!B$1, $G$2+1, 0, 1, 1), IF($G4=2, OFFSET(入力!B$1, $G$2+2, 0, 1, 1), _xlfn.XLOOKUP($A4,入力!$A$1:$A$1004, 入力!B$1:B$1004, "", 0, 1))) | C4: =IF($G4=1, ROUND(OFFSET(入力!C$1, $G$2+1, 0, 1, 1), 2), IF($G4=2, OFFSET(入力!C$1, $G$2+2, 0, 1, 1), _xlfn.XLOOKUP($A4,入力!$A$1:$A$1004, 入力!C$1:C$1004, "", 0, 1))) | D4: =IF($G4=1, OFFSET(入力!D$1, $G$2+1, 0, 1, 1), _xlfn.XLOOKUP($A4,入力!$A$1:$A$1004, 入力!D$1:D$1004, "", 0, 1)) | E4: =IF($G4=1, OFFSET(入力!E$1, $G$2+1, 0, 1, 1), IF($G4=2, OFFSET(入力!E$1, $G$2+2, 0, 1, 1), _xlfn.XLOOKUP($A4,入力!$A$1:$A$1004, 入力!E$1:E$1004, "", 0, 1))) | F4: =IF($G4=1, INT(OFFSET(入力!F$1, $G$2+1, 0, 1, 1)), IF($G4=2, INT(OFFSET(入力!F$1, $G$2+2, 0, 1, 1)), _xlfn.XLOOKUP($A4,入力!$A$1:$A$1004, 入力!F$1:F$1004, "", 0, 1))) | G4: =IF(ROW(A4)=$G$2+2, 1, IF(ROW(A4)=$G$2+3, 2, ""))
A5: =IF(G5<>"", G5+1000, IF(A4="", "", IF(A4+1>MAX(入力!A:A), "", A4+1))) | B5: =IF($G5=1, OFFSET(入力!B$1, $G$2+1, 0, 1, 1), IF($G5=2, OFFSET(入力!B$1, $G$2+2, 0, 1, 1), _xlfn.XLOOKUP($A5,入力!$A$1:$A$1004, 入力!B$1:B$1004, "", 0, 1))) | C5: =IF($G5=1, ROUND(OFFSET(入力!C$1, $G$2+1, 0, 1, 1), 2), IF($G5=2, OFFSET(入力!C$1, $G$2+2, 0, 1, 1), _xlfn.XLOOKUP($A5,入力!$A$1:$A$1004, 入力!C$1:C$1004, "", 0, 1))) | D5: =IF($G5=1, OFFSET(入力!D$1, $G$2+1, 0, 1, 1), _xlfn.XLOOKUP($A5,入力!$A$1:$A$1004, 入力!D$1:D$1004, "", 0, 1)) | E5: =IF($G5=1, OFFSET(入力!E$1, $G$2+1, 0, 1, 1), IF($G5=2, OFFSET(入力!E$1, $G$2+2, 0, 1, 1), _xlfn.XLOOKUP($A5,入力!$A$1:$A$1004, 入力!E$1:E$1004, "", 0, 1))) | F5: =IF($G5=1, INT(OFFSET(入力!F$1, $G$2+1, 0, 1, 1)), IF($G5=2, INT(OFFSET(入力!F$1, $G$2+2, 0, 1, 1)), _xlfn.XLOOKUP($A5,入力!$A$1:$A$1004, 入力!F$1:F$1004, "", 0, 1))) | G5: =IF(ROW(A5)=$G$2+2, 1, IF(ROW(A5)=$G$2+3, 2, ""))
A6: =IF(G6<>"", G6+1000, IF(A5="", "", IF(A5+1>MAX(入力!A:A), "", A5+1))) | B6: =IF($G6=1, OFFSET(入力!B$1, $G$2+1, 0, 1, 1), IF($G6=2, OFFSET(入力!B$1, $G$2+2, 0, 1, 1), _xlfn.XLOOKUP($A6,入力!$A$1:$A$1004, 入力!B$1:B$1004, "", 0, 1))) | C6: =IF($G6=1, ROUND(OFFSET(入力!C$1, $G$2+1, 0, 1, 1), 2), IF($G6=2, OFFSET(入力!C$1, $G$2+2, 0, 1, 1), _xlfn.XLOOKUP($A6,入力!$A$1:$A$1004, 入力!C$1:C$1004, "", 0, 1))) | D6: =IF($G6=1, OFFSET(入力!D$1, $G$2+1, 0, 1, 1), _xlfn.XLOOKUP($A6,入力!$A$1:$A$1004, 入力!D$1:D$1004, "", 0, 1)) | E6: =IF($G6=1, OFFSET(入力!E$1, $G$2+1, 0, 1, 1), IF($G6=2, OFFSET(入力!E$1, $G$2+2, 0, 1, 1), _xlfn.XLOOKUP($A6,入力!$A$1:$A$1004, 入力!E$1:E$1004, "", 0, 1))) | F6: =IF($G6=1, INT(OFFSET(入力!F$1, $G$2+1, 0, 1, 1)), IF($G6=2, INT(OFFSET(入力!F$1, $G$2+2, 0, 1, 1)), _xlfn.XLOOKUP($A6,入力!$A$1:$A$1004, 入力!F$1:F$1004, "", 0, 1))) | G6: =IF(ROW(A6)=$G$2+2, 1, IF(ROW(A6)=$G$2+3, 2, ""))
A7: =IF(G7<>"", G7+1000, IF(A6="", "", IF(A6+1>MAX(入力!A:A), "", A6+1))) | B7: =IF($G7=1, OFFSET(入力!B$1, $G$2+1, 0, 1, 1), IF($G7=2, OFFSET(入力!B$1, $G$2+2, 0, 1, 1), _xlfn.XLOOKUP($A7,入力!$A$1:$A$1004, 入力!B$1:B$1004, "", 0, 1))) | C7: =IF($G7=1, ROUND(OFFSET(入力!C$1, $G$2+1, 0, 1, 1), 2), IF($G7=2, OFFSET(入力!C$1, $G$2+2, 0, 1, 1), _xlfn.XLOOKUP($A7,入力!$A$1:$A$1004, 入力!C$1:C$1004, "", 0, 1))) | D7: =IF($G7=1, OFFSET(入力!D$1, $G$2+1, 0, 1, 1), _xlfn.XLOOKUP($A7,入力!$A$1:$A$1004, 入力!D$1:D$1004, "", 0, 1)) | E7: =IF($G7=1, OFFSET(入力!E$1, $G$2+1, 0, 1, 1), IF($G7=2, OFFSET(入力!E$1, $G$2+2, 0, 1, 1), _xlfn.XLOOKUP($A7,入力!$A$1:$A$1004, 入力!E$1:E$1004, "", 0, 1))) | F7: =IF($G7=1, INT(OFFSET(入力!F$1, $G$2+1, 0, 1, 1)), IF($G7=2, INT(OFFSET(入力!F$1, $G$2+2, 0, 1, 1)), _xlfn.XLOOKUP($A7,入力!$A$1:$A$1004, 入力!F$1:F$1004, "", 0, 1))) | G7: =IF(ROW(A7)=$G$2+2, 1, IF(ROW(A7)=$G$2+3, 2, ""))
A8: =IF(G8<>"", G8+1000, IF(A7="", "", IF(A7+1>MAX(入力!A:A), "", A7+1))) | B8: =IF($G8=1, OFFSET(入力!B$1, $G$2+1, 0, 1, 1), IF($G8=2, OFFSET(入力!B$1, $G$2+2, 0, 1, 1), _xlfn.XLOOKUP($A8,入力!$A$1:$A$1004, 入力!B$1:B$1004, "", 0, 1))) | C8: =IF($G8=1, ROUND(OFFSET(入力!C$1, $G$2+1, 0, 1, 1), 2), IF($G8=2, OFFSET(入力!C$1, $G$2+2, 0, 1, 1), _xlfn.XLOOKUP($A8,入力!$A$1:$A$1004, 入力!C$1:C$1004, "", 0, 1))) | D8: =IF($G8=1, OFFSET(入力!D$1, $G$2+1, 0, 1, 1), _xlfn.XLOOKUP($A8,入力!$A$1:$A$1004, 入力!D$1:D$1004, "", 0, 1)) | E8: =IF($G8=1, OFFSET(入力!E$1, $G$2+1, 0, 1, 1), IF($G8=2, OFFSET(入力!E$1, $G$2+2, 0, 1, 1), _xlfn.XLOOKUP($A8,入力!$A$1:$A$1004, 入力!E$1:E$1004, "", 0, 1))) | F8: =IF($G8=1, INT(OFFSET(入力!F$1, $G$2+1, 0, 1, 1)), IF($G8=2, INT(OFFSET(入力!F$1, $G$2+2, 0, 1, 1)), _xlfn.XLOOKUP($A8,入力!$A$1:$A$1004, 入力!F$1:F$1004, "", 0, 1))) | G8: =IF(ROW(A8)=$G$2+2, 1, IF(ROW(A8)=$G$2+3, 2, ""))
A9: =IF(G9<>"", G9+1000, IF(A8="", "", IF(A8+1>MAX(入力!A:A), "", A8+1))) | B9: =IF($G9=1, OFFSET(入力!B$1, $G$2+1, 0, 1, 1), IF($G9=2, OFFSET(入力!B$1, $G$2+2, 0, 1, 1), _xlfn.XLOOKUP($A9,入力!$A$1:$A$1004, 入力!B$1:B$1004, "", 0, 1))) | C9: =IF($G9=1, ROUND(OFFSET(入力!C$1, $G$2+1, 0, 1, 1), 2), IF($G9=2, OFFSET(入力!C$1, $G$2+2, 0, 1, 1), _xlfn.XLOOKUP($A9,入力!$A$1:$A$1004, 入力!C$1:C$1004, "", 0, 1))) | D9: =IF($G9=1, OFFSET(入力!D$1, $G$2+1, 0, 1, 1), _xlfn.XLOOKUP($A9,入力!$A$1:$A$1004, 入力!D$1:D$1004, "", 0, 1)) | E9: =IF($G9=1, OFFSET(入力!E$1, $G$2+1, 0, 1, 1), IF($G9=2, OFFSET(入力!E$1, $G$2+2, 0, 1, 1), _xlfn.XLOOKUP($A9,入力!$A$1:$A$1004, 入力!E$1:E$1004, "", 0, 1))) | F9: =IF($G9=1, INT(OFFSET(入力!F$1, $G$2+1, 0, 1, 1)), IF($G9=2, INT(OFFSET(入力!F$1, $G$2+2, 0, 1, 1)), _xlfn.XLOOKUP($A9,入力!$A$1:$A$1004, 入力!F$1:F$1004, "", 0, 1))) | G9: =IF(ROW(A9)=$G$2+2, 1, IF(ROW(A9)=$G$2+3, 2, ""))
A10: =IF(G10<>"", G10+1000, IF(A9="", "", IF(A9+1>MAX(入力!A:A), "", A9+1))) | B10: =IF($G10=1, OFFSET(入力!B$1, $G$2+1, 0, 1, 1), IF($G10=2, OFFSET(入力!B$1, $G$2+2, 0, 1, 1), _xlfn.XLOOKUP($A10,入力!$A$1:$A$1004, 入力!B$1:B$1004, "", 0, 1))) | C10: =IF($G10=1, ROUND(OFFSET(入力!C$1, $G$2+1, 0, 1, 1), 2), IF($G10=2, OFFSET(入力!C$1, $G$2+2, 0, 1, 1), _xlfn.XLOOKUP($A10,入力!$A$1:$A$1004, 入力!C$1:C$1004, "", 0, 1))) | D10: =IF($G10=1, OFFSET(入力!D$1, $G$2+1, 0, 1, 1), _xlfn.XLOOKUP($A10,入力!$A$1:$A$1004, 入力!D$1:D$1004, "", 0, 1)) | E10: =IF($G10=1, OFFSET(入力!E$1, $G$2+1, 0, 1, 1), IF($G10=2, OFFSET(入力!E$1, $G$2+2, 0, 1, 1), _xlfn.XLOOKUP($A10,入力!$A$1:$A$1004, 入力!E$1:E$1004, "", 0, 1))) | F10: =IF($G10=1, INT(OFFSET(入力!F$1, $G$2+1, 0, 1, 1)), IF($G10=2, INT(OFFSET(入力!F$1, $G$2+2, 0, 1, 1)), _xlfn.XLOOKUP($A10,入力!$A$1:$A$1004, 入力!F$1:F$1004, "", 0, 1))) | G10: =IF(ROW(A10)=$G$2+2, 1, IF(ROW(A10)=$G$2+3, 2, ""))
A11: =IF(G11<>"", G11+1000, IF(A10="", "", IF(A10+1>MAX(入力!A:A), "", A10+1))) | B11: =IF($G11=1, OFFSET(入力!B$1, $G$2+1, 0, 1, 1), IF($G11=2, OFFSET(入力!B$1, $G$2+2, 0, 1, 1), _xlfn.XLOOKUP($A11,入力!$A$1:$A$1004, 入力!B$1:B$1004, "", 0, 1))) | C11: =IF($G11=1, ROUND(OFFSET(入力!C$1, $G$2+1, 0, 1, 1), 2), IF($G11=2, OFFSET(入力!C$1, $G$2+2, 0, 1, 1), _xlfn.XLOOKUP($A11,入力!$A$1:$A$1004, 入力!C$1:C$1004, "", 0, 1))) | D11: =IF($G11=1, OFFSET(入力!D$1, $G$2+1, 0, 1, 1), _xlfn.XLOOKUP($A11,入力!$A$1:$A$1004, 入力!D$1:D$1004, "", 0, 1)) | E11: =IF($G11=1, OFFSET(入力!E$1, $G$2+1, 0, 1, 1), IF($G11=2, OFFSET(入力!E$1, $G$2+2, 0, 1, 1), _xlfn.XLOOKUP($A11,入力!$A$1:$A$1004, 入力!E$1:E$1004, "", 0, 1))) | F11: =IF($G11=1, INT(OFFSET(入力!F$1, $G$2+1, 0, 1, 1)), IF($G11=2, INT(OFFSET(入力!F$1, $G$2+2, 0, 1, 1)), _xlfn.XLOOKUP($A11,入力!$A$1:$A$1004, 入力!F$1:F$1004, "", 0, 1))) | G11: =IF(ROW(A11)=$G$2+2, 1, IF(ROW(A11)=$G$2+3, 2, ""))
A12: =IF(G12<>"", G12+1000, IF(A11="", "", IF(A11+1>MAX(入力!A:A), "", A11+1))) | B12: =IF($G12=1, OFFSET(入力!B$1, $G$2+1, 0, 1, 1), IF($G12=2, OFFSET(入力!B$1, $G$2+2, 0, 1, 1), _xlfn.XLOOKUP($A12,入力!$A$1:$A$1004, 入力!B$1:B$1004, "", 0, 1))) | C12: =IF($G12=1, ROUND(OFFSET(入力!C$1, $G$2+1, 0, 1, 1), 2), IF($G12=2, OFFSET(入力!C$1, $G$2+2, 0, 1, 1), _xlfn.XLOOKUP($A12,入力!$A$1:$A$1004, 入力!C$1:C$1004, "", 0, 1))) | D12: =IF($G12=1, OFFSET(入力!D$1, $G$2+1, 0, 1, 1), _xlfn.XLOOKUP($A12,入力!$A$1:$A$1004, 入力!D$1:D$1004, "", 0, 1)) | E12: =IF($G12=1, OFFSET(入力!E$1, $G$2+1, 0, 1, 1), IF($G12=2, OFFSET(入力!E$1, $G$2+2, 0, 1, 1), _xlfn.XLOOKUP($A12,入力!$A$1:$A$1004, 入力!E$1:E$1004, "", 0, 1))) | F12: =IF($G12=1, INT(OFFSET(入力!F$1, $G$2+1, 0, 1, 1)), IF($G12=2, INT(OFFSET(入力!F$1, $G$2+2, 0, 1, 1)), _xlfn.XLOOKUP($A12,入力!$A$1:$A$1004, 入力!F$1:F$1004, "", 0, 1))) | G12: =IF(ROW(A12)=$G$2+2, 1, IF(ROW(A12)=$G$2+3, 2, ""))
A13: =IF(G13<>"", G13+1000, IF(A12="", "", IF(A12+1>MAX(入力!A:A), "", A12+1))) | B13: =IF($G13=1, OFFSET(入力!B$1, $G$2+1, 0, 1, 1), IF($G13=2, OFFSET(入力!B$1, $G$2+2, 0, 1, 1), _xlfn.XLOOKUP($A13,入力!$A$1:$A$1004, 入力!B$1:B$1004, "", 0, 1))) | C13: =IF($G13=1, ROUND(OFFSET(入力!C$1, $G$2+1, 0, 1, 1), 2), IF($G13=2, OFFSET(入力!C$1, $G$2+2, 0, 1, 1), _xlfn.XLOOKUP($A13,入力!$A$1:$A$1004, 入力!C$1:C$1004, "", 0, 1))) | D13: =IF($G13=1, OFFSET(入力!D$1, $G$2+1, 0, 1, 1), _xlfn.XLOOKUP($A13,入力!$A$1:$A$1004, 入力!D$1:D$1004, "", 0, 1)) | E13: =IF($G13=1, OFFSET(入力!E$1, $G$2+1, 0, 1, 1), IF($G13=2, OFFSET(入力!E$1, $G$2+2, 0, 1, 1), _xlfn.XLOOKUP($A13,入力!$A$1:$A$1004, 入力!E$1:E$1004, "", 0, 1))) | F13: =IF($G13=1, INT(OFFSET(入力!F$1, $G$2+1, 0, 1, 1)), IF($G13=2, INT(OFFSET(入力!F$1, $G$2+2, 0, 1, 1)), _xlfn.XLOOKUP($A13,入力!$A$1:$A$1004, 入力!F$1:F$1004, "", 0, 1))) | G13: =IF(ROW(A13)=$G$2+2, 1, IF(ROW(A13)=$G$2+3, 2, ""))
A14: =IF(G14<>"", G14+1000, IF(A13="", "", IF(A13+1>MAX(入力!A:A), "", A13+1))) | B14: =IF($G14=1, OFFSET(入力!B$1, $G$2+1, 0, 1, 1), IF($G14=2, OFFSET(入力!B$1, $G$2+2, 0, 1, 1), _xlfn.XLOOKUP($A14,入力!$A$1:$A$1004, 入力!B$1:B$1004, "", 0, 1))) | C14: =IF($G14=1, ROUND(OFFSET(入力!C$1, $G$2+1, 0, 1, 1), 2), IF($G14=2, OFFSET(入力!C$1, $G$2+2, 0, 1, 1), _xlfn.XLOOKUP($A14,入力!$A$1:$A$1004, 入力!C$1:C$1004, "", 0, 1))) | D14: =IF($G14=1, OFFSET(入力!D$1, $G$2+1, 0, 1, 1), _xlfn.XLOOKUP($A14,入力!$A$1:$A$1004, 入力!D$1:D$1004, "", 0, 1)) | E14: =IF($G14=1, OFFSET(入力!E$1, $G$2+1, 0, 1, 1), IF($G14=2, OFFSET(入力!E$1, $G$2+2, 0, 1, 1), _xlfn.XLOOKUP($A14,入力!$A$1:$A$1004, 入力!E$1:E$1004, "", 0, 1))) | F14: =IF($G14=1, INT(OFFSET(入力!F$1, $G$2+1, 0, 1, 1)), IF($G14=2, INT(OFFSET(入力!F$1, $G$2+2, 0, 1, 1)), _xlfn.XLOOKUP($A14,入力!$A$1:$A$1004, 入力!F$1:F$1004, "", 0, 1))) | G14: =IF(ROW(A14)=$G$2+2, 1, IF(ROW(A14)=$G$2+3, 2, ""))
A15: =IF(G15<>"", G15+1000, IF(A14="", "", IF(A14+1>MAX(入力!A:A), "", A14+1))) | B15: =IF($G15=1, OFFSET(入力!B$1, $G$2+1, 0, 1, 1), IF($G15=2, OFFSET(入力!B$1, $G$2+2, 0, 1, 1), _xlfn.XLOOKUP($A15,入力!$A$1:$A$1004, 入力!B$1:B$1004, "", 0, 1))) | C15: =IF($G15=1, ROUND(OFFSET(入力!C$1, $G$2+1, 0, 1, 1), 2), IF($G15=2, OFFSET(入力!C$1, $G$2+2, 0, 1, 1), _xlfn.XLOOKUP($A15,入力!$A$1:$A$1004, 入力!C$1:C$1004, "", 0, 1))) | D15: =IF($G15=1, OFFSET(入力!D$1, $G$2+1, 0, 1, 1), _xlfn.XLOOKUP($A15,入力!$A$1:$A$1004, 入力!D$1:D$1004, "", 0, 1)) | E15: =IF($G15=1, OFFSET(入力!E$1, $G$2+1, 0, 1, 1), IF($G15=2, OFFSET(入力!E$1, $G$2+2, 0, 1, 1), _xlfn.XLOOKUP($A15,入力!$A$1:$A$1004, 入力!E$1:E$1004, "", 0, 1))) | F15: =IF($G15=1, INT(OFFSET(入力!F$1, $G$2+1, 0, 1, 1)), IF($G15=2, INT(OFFSET(入力!F$1, $G$2+2, 0, 1, 1)), _xlfn.XLOOKUP($A15,入力!$A$1:$A$1004, 入力!F$1:F$1004, "", 0, 1))) | G15: =IF(ROW(A15)=$G$2+2, 1, IF(ROW(A15)=$G$2+3, 2, ""))
... A1003: =IF(G1003<>"", G1003+1000, IF(A1002="", "", IF(A1002+1>MAX(入力!A:A), "", A1002+1))) | B1003: =IF($G1003=1, OFFSET(入力!B$1, $G$2+1, 0, 1, 1), IF($G1003=2, OFFSET(入力!B$1, $G$2+2, 0, 1, 1), _xlfn.XLOOKUP($A1003,入力!$A$1:$A$1004, 入力!B$1:B$1004, "", 0, 1))) | C1003: =IF($G1003=1, ROUND(OFFSET(入力!C$1, $G$2+1, 0, 1, 1), 2), IF($G1003=2, OFFSET(入力!C$1, $G$2+2, 0, 1, 1), _xlfn.XLOOKUP($A1003,入力!$A$1:$A$1004, 入力!C$1:C$1004, "", 0, 1))) | D1003: =IF($G1003=1, OFFSET(入力!D$1, $G$2+1, 0, 1, 1), _xlfn.XLOOKUP($A1003,入力!$A$1:$A$1004, 入力!D$1:D$1004, "", 0, 1)) | E1003: =IF($G1003=1, OFFSET(入力!E$1, $G$2+1, 0, 1, 1), IF($G1003=2, OFFSET(入力!E$1, $G$2+2, 0, 1, 1), _xlfn.XLOOKUP($A1003,入力!$A$1:$A$1004, 入力!E$1:E$1004, "", 0, 1))) | F1003: =IF($G1003=1, INT(OFFSET(入力!F$1, $G$2+1, 0, 1, 1)), IF($G1003=2, INT(OFFSET(入力!F$1, $G$2+2, 0, 1, 1)), _xlfn.XLOOKUP($A1003,入力!$A$1:$A$1004, 入力!F$1:F$1004, "", 0, 1))) | G1003: =IF(ROW(A1003)=$G$2+2, 1, IF(ROW(A1003)=$G$2+3, 2, ""))
